{
  "dataset_id": "WHU-Hi/HanChuan",
  "ground_truth_object": "WHU-Hi-HanChuan_gt",
  "gt_sha256": "9EE716A1ECDBE40C2B1B52FC2D5DE0684FF3B02F9128B89E14F28E803974FCE6",
  "shape": [
    1217,
    303
  ],
  "class_count": 16,
  "block_size": 16,
  "margin": 1,
  "seed": 20260716,
  "trials": 50000,
  "target_fractions": [
    0.2,
    0.1,
    0.7
  ],
  "minimum_counts_per_class": [
    [
      100,
      100,
      100,
      100,
      100,
      100,
      100,
      100,
      100,
      100,
      100,
      100,
      100,
      100,
      100,
      100
    ],
    [
      50,
      50,
      50,
      50,
      50,
      50,
      50,
      50,
      50,
      50,
      50,
      50,
      50,
      50,
      50,
      50
    ],
    [
      300,
      300,
      300,
      300,
      300,
      300,
      300,
      300,
      300,
      300,
      300,
      300,
      300,
      300,
      300,
      300
    ]
  ],
  "assignment_score": 0.005903401491255812,
  "labeled_block_count": 1411,
  "block_counts": {
    "train": 288,
    "val": 149,
    "test": 974
  },
  "candidate_class_counts": {
    "train": [
      6877,
      3491,
      1582,
      849,
      164,
      701,
      942,
      2753,
      1412,
      1601,
      2664,
      552,
      1403,
      2909,
      176,
      11499
    ],
    "val": [
      3427,
      1744,
      773,
      412,
      147,
      350,
      453,
      1404,
      696,
      800,
      1291,
      353,
      708,
      1464,
      96,
      5845
    ],
    "test": [
      24057,
      12230,
      5509,
      2832,
      645,
      2409,
      3146,
      9656,
      4893,
      5613,
      9160,
      1905,
      4925,
      10196,
      626,
      40433
    ]
  },
  "candidate_class_fractions": {
    "train": [
      0.20013969325689007,
      0.19988548525622674,
      0.20116988809766023,
      0.20742731492792574,
      0.17154811715481172,
      0.20260115606936416,
      0.20744329442853998,
      0.19930500253384492,
      0.20168547350378518,
      0.19977539306214126,
      0.20312619138391155,
      0.19644128113879003,
      0.19940306992609438,
      0.19967053332418147,
      0.19599109131403117,
      0.19902383301313673
    ],
    "val": [
      0.0997351648671459,
      0.09985685657028343,
      0.09829603255340794,
      0.1006596628389934,
      0.15376569037656904,
      0.10115606936416185,
      0.09975776260735521,
      0.10164337942517918,
      0.09941436937580346,
      0.09982530571499876,
      0.09843690430804422,
      0.12562277580071174,
      0.10062535531552018,
      0.10048733612464822,
      0.10690423162583519,
      0.10116482337262232
    ],
    "test": [
      0.700125141875964,
      0.7002576581734898,
      0.7005340793489319,
      0.6919130222330808,
      0.6746861924686193,
      0.696242774566474,
      0.6927989429641048,
      0.6990516180409759,
      0.6989001571204114,
      0.70039930122286,
      0.6984369043080442,
      0.6779359430604982,
      0.6999715747583855,
      0.6998421305511703,
      0.6971046770601337,
      0.6998113436142409
    ]
  },
  "used_class_counts": {
    "train": [
      500,
      500,
      500,
      500,
      164,
      500,
      500,
      500,
      500,
      500,
      500,
      500,
      500,
      500,
      176,
      500
    ],
    "val": [
      200,
      200,
      200,
      200,
      147,
      200,
      200,
      200,
      200,
      200,
      200,
      200,
      200,
      200,
      96,
      200
    ],
    "test": [
      24057,
      12230,
      5509,
      2832,
      645,
      2409,
      3146,
      9656,
      4893,
      5613,
      9160,
      1905,
      4925,
      10196,
      626,
      40433
    ]
  },
  "used_pixel_counts": {
    "train": 7340,
    "val": 3043,
    "test": 138235
  }
}
