{
  "dataset_id": "WHU-Hi/LongKou",
  "ground_truth_object": "WHU-Hi-LongKou_gt",
  "gt_sha256": "0117166FE39891D09D188DD719C7E393F74BB30D01E23798C0AB69D4EE1A496E",
  "shape": [
    550,
    400
  ],
  "class_count": 9,
  "block_size": 32,
  "margin": 2,
  "seed": 20260716,
  "trials": 50000,
  "target_fractions": [
    0.2,
    0.1,
    0.7
  ],
  "assignment_score": 0.00798265597434101,
  "labeled_block_count": 234,
  "block_counts": {
    "train": 52,
    "val": 24,
    "test": 158
  },
  "candidate_class_counts": {
    "train": [
      5286,
      1314,
      440,
      9435,
      598,
      1739,
      9989,
      1087,
      825
    ],
    "val": [
      2638,
      615,
      384,
      4850,
      268,
      877,
      5074,
      569,
      582
    ],
    "test": [
      18533,
      4566,
      1547,
      33117,
      2203,
      6082,
      35689,
      3863,
      3074
    ]
  },
  "candidate_class_fractions": {
    "train": [
      0.19979589522621613,
      0.2023094688221709,
      0.18557570645297342,
      0.1990422345048732,
      0.19485174323884003,
      0.19993101862497126,
      0.19681982976040352,
      0.19695597028447182,
      0.18411068957821916
    ],
    "val": [
      0.09970896171145632,
      0.09468822170900693,
      0.16195698017714044,
      0.10231635795957976,
      0.0873248615184099,
      0.10082777650034491,
      0.09997635561160151,
      0.10309838738901975,
      0.12988172282972552
    ],
    "test": [
      0.7004951430623275,
      0.7030023094688221,
      0.6524673133698862,
      0.698641407535547,
      0.7178233952427501,
      0.6992412048746839,
      0.703203814627995,
      0.6999456423265085,
      0.6860075875920554
    ]
  },
  "used_class_counts": {
    "train": [
      500,
      500,
      440,
      500,
      500,
      500,
      500,
      500,
      500
    ],
    "val": [
      200,
      200,
      200,
      200,
      200,
      200,
      200,
      200,
      200
    ],
    "test": [
      18533,
      4566,
      1547,
      33117,
      2203,
      6082,
      35689,
      3863,
      3074
    ]
  },
  "used_pixel_counts": {
    "train": 4440,
    "val": 1800,
    "test": 108674
  }
}
