{
  "dataset_id": "WHU-Hi/HongHu",
  "ground_truth_object": "WHU-Hi-HongHu_gt",
  "gt_sha256": "B1A67FF5F179979862E97655403E7B90B447511984F830CE896979C6A2A07BBE",
  "shape": [
    940,
    475
  ],
  "class_count": 22,
  "block_size": 16,
  "margin": 1,
  "seed": 20260716,
  "trials": 50000,
  "target_fractions": [
    0.2,
    0.1,
    0.7
  ],
  "minimum_counts_per_class": [
    [
      100,
      100,
      100,
      100,
      100,
      100,
      100,
      100,
      100,
      100,
      100,
      100,
      100,
      100,
      100,
      100,
      100,
      100,
      100,
      100,
      100,
      100
    ],
    [
      50,
      50,
      50,
      50,
      50,
      50,
      50,
      50,
      50,
      50,
      50,
      50,
      50,
      50,
      50,
      50,
      50,
      50,
      50,
      50,
      50,
      50
    ],
    [
      300,
      300,
      300,
      300,
      300,
      300,
      300,
      300,
      300,
      300,
      300,
      300,
      300,
      300,
      300,
      300,
      300,
      300,
      300,
      300,
      300,
      300
    ]
  ],
  "assignment_score": 0.006987611568865963,
  "labeled_block_count": 1722,
  "block_counts": {
    "train": 347,
    "val": 184,
    "test": 1191
  },
  "candidate_class_counts": {
    "train": [
      2113,
      546,
      3344,
      24977,
      959,
      6803,
      3686,
      614,
      1693,
      1843,
      1684,
      1373,
      3430,
      1151,
      162,
      1102,
      508,
      471,
      1326,
      546,
      185,
      632
    ],
    "val": [
      1094,
      271,
      1657,
      12479,
      509,
      3446,
      1846,
      336,
      806,
      1042,
      849,
      721,
      1712,
      577,
      112,
      557,
      216,
      240,
      674,
      266,
      106,
      317
    ],
    "test": [
      7545,
      1903,
      11633,
      87376,
      3322,
      23927,
      12914,
      2122,
      5929,
      6601,
      5909,
      4796,
      12017,
      4017,
      490,
      3879,
      1573,
      1679,
      4612,
      1877,
      701,
      2175
    ]
  },
  "candidate_class_fractions": {
    "train": [
      0.19652157738095238,
      0.20073529411764707,
      0.20103402669231693,
      0.20008491412458343,
      0.2002087682672234,
      0.19905781835205993,
      0.19982652065488452,
      0.19986979166666666,
      0.2008780256288562,
      0.19428631667720853,
      0.19947879649372185,
      0.1992743105950653,
      0.1998950987819803,
      0.20034812880765884,
      0.21204188481675393,
      0.19898880462260743,
      0.22115803221593383,
      0.19707112970711296,
      0.20054446460980035,
      0.20304946076608404,
      0.18649193548387097,
      0.2023047375160051
    ],
    "val": [
      0.1017485119047619,
      0.09963235294117648,
      0.09961524588192858,
      0.09996635478082543,
      0.10626304801670146,
      0.1008309925093633,
      0.10007589721348802,
      0.109375,
      0.09563360227812055,
      0.1098460889732237,
      0.10056858564321251,
      0.104644412191582,
      0.09977271402762398,
      0.10043516100957355,
      0.14659685863874344,
      0.10057782592993861,
      0.09403569873748367,
      0.100418410041841,
      0.10193587416817906,
      0.09892153216809223,
      0.10685483870967742,
      0.10147247119078105
    ],
    "test": [
      0.7017299107142857,
      0.6996323529411764,
      0.6993507274257544,
      0.6999487310945911,
      0.6935281837160752,
      0.7001111891385767,
      0.7000975821316274,
      0.6907552083333334,
      0.7034883720930233,
      0.6958675943495678,
      0.6999526178630656,
      0.6960812772133527,
      0.7003321871903957,
      0.6992167101827677,
      0.6413612565445026,
      0.7004333694474539,
      0.6848062690465825,
      0.702510460251046,
      0.6975196612220206,
      0.6980290070658237,
      0.7066532258064516,
      0.6962227912932138
    ]
  },
  "used_class_counts": {
    "train": [
      500,
      500,
      500,
      500,
      500,
      500,
      500,
      500,
      500,
      500,
      500,
      500,
      500,
      500,
      162,
      500,
      500,
      471,
      500,
      500,
      185,
      500
    ],
    "val": [
      200,
      200,
      200,
      200,
      200,
      200,
      200,
      200,
      200,
      200,
      200,
      200,
      200,
      200,
      112,
      200,
      200,
      200,
      200,
      200,
      106,
      200
    ],
    "test": [
      7545,
      1903,
      11633,
      87376,
      3322,
      23927,
      12914,
      2122,
      5929,
      6601,
      5909,
      4796,
      12017,
      4017,
      490,
      3879,
      1573,
      1679,
      4612,
      1877,
      701,
      2175
    ]
  },
  "used_pixel_counts": {
    "train": 10318,
    "val": 4218,
    "test": 206997
  }
}
